experiment description,num samples,weighting,f1w,acc,auroc,ppv,sens,batch size
thyroid baseline,652,,0.9058041958041958,0.9076923076923076,0.8147662734818697,0.6666666666666666,0.7368421052631579,64
thyroid baseline,652,,0.8429799757631716,0.8384615384615385,0.8922727272727273,0.55,0.4782608695652174,64
thyroid baseline,652,,0.8011895993958774,0.8076923076923077,0.7836363636363637,0.3,0.3529411764705882,64
thyroid baseline,652,,0.8354041602680442,0.8384615384615385,0.834,0.6,0.6666666666666666,64
thyroid baseline,652,,0.7853999658877707,0.7923076923076923,0.8363333333333334,0.4666666666666667,0.56,64
thyroid baseline,652,,0.8106011635423401,0.8153846153846154,0.8393333333333334,0.5333333333333333,0.6153846153846154,64
